{
    "id": "L2NvbnRlbnQvZm9ybXMvYWYvZXhwcmVzc3NjcmlwdHMvaGVhZGxlc3MtYmlkb25saW5l",
    "fieldType": "form",
    "action": "/adobe/forms/af/submit/L2NvbnRlbnQvZm9ybXMvYWYvZXhwcmVzc3NjcmlwdHMvaGVhZGxlc3MtYmlkb25saW5l",
    "lang": "en",
    "properties": {
        "fd:dor": {
            "dorType": "none"
        },
        "fd:path": "/content/forms/af/expressscripts/headless-bidonline/jcr:content/guideContainer",
        "fd:schemaType": "BASIC",
        "fd:formDataEnabled": true
    },
    "columnClassNames": {
        "panelcontainer": "aem-GridColumn aem-GridColumn--default--12",
        "tabsontop": "aem-GridColumn aem-GridColumn--default--12"
    },
    "columnCount": 12,
    "gridClassNames": "aem-Grid aem-Grid--12 aem-Grid--default--12",
    "events": {
        "custom:setProperty": [
            "$event.payload"
        ]
    },
    ":itemsOrder": [
        "tabsontop",
        "panelcontainer"
    ],
    "metadata": {
        "version": "1.0.0",
        "grammar": "json-formula-1.0.0"
    },
    "adaptiveform": "0.12.1",
    ":type": "expressscripts/components/adaptiveForm/formcontainer",
    ":items": {
        "tabsontop": {
            "id": "tabsontop-d5f2683885",
            "fieldType": "panel",
            "name": "tabsontop1708035817184",
            "visible": true,
            "enabled": true,
            "readOnly": false,
            "label": {
                "visible": false,
                "value": "Tabs on top"
            },
            "events": {
                "custom:setProperty": [
                    "$event.payload"
                ]
            },
            "properties": {
                "fd:dor": {
                    "dorExclusion": false,
                    "dorExcludeTitle": false,
                    "dorExcludeDescription": false
                },
                "fd:path": "/content/forms/af/expressscripts/headless-bidonline/jcr:content/guideContainer/tabsontop"
            },
            ":itemsOrder": [
                "panelcontainer",
                "panelcontainer_156306683"
            ],
            ":type": "expressscripts/components/adaptiveForm/tabsontop",
            ":items": {
                "panelcontainer": {
                    "id": "panelcontainer-fa48174709",
                    "fieldType": "panel",
                    "name": "panelcontainer1708035850130",
                    "visible": true,
                    "enabled": true,
                    "readOnly": false,
                    "columnClassNames": {
                        "checkboxgroup": "aem-GridColumn aem-GridColumn--default--12",
                        "textinput_1942000332": "aem-GridColumn aem-GridColumn--default--12",
                        "text": "aem-GridColumn aem-GridColumn--default--12",
                        "dropdown_12713460": "aem-GridColumn aem-GridColumn--default--12",
                        "dropdown": "aem-GridColumn aem-GridColumn--default--12",
                        "textinput": "aem-GridColumn aem-GridColumn--default--12"
                    },
                    "columnCount": 12,
                    "gridClassNames": "aem-Grid aem-Grid--12 aem-Grid--default--12",
                    "label": {
                        "visible": false,
                        "value": "One"
                    },
                    "events": {
                        "custom:setProperty": [
                            "$event.payload"
                        ]
                    },
                    "properties": {
                        "fd:dor": {
                            "dorExclusion": false,
                            "dorExcludeTitle": false,
                            "dorExcludeDescription": false
                        },
                        "fd:path": "/content/forms/af/expressscripts/headless-bidonline/jcr:content/guideContainer/tabsontop/panelcontainer"
                    },
                    ":itemsOrder": [
                        "text",
                        "textinput",
                        "textinput_1942000332",
                        "checkboxgroup",
                        "dropdown",
                        "dropdown_12713460"
                    ],
                    ":type": "expressscripts/components/adaptiveForm/panelcontainer",
                    ":items": {
                        "text": {
                            "id": "text-ab1d7bf403",
                            "fieldType": "plain-text",
                            "name": "text1708036184703",
                            "value": "<p>Panel One</p>\r\n",
                            "richText": true,
                            "events": {
                                "custom:setProperty": [
                                    "$event.payload"
                                ]
                            },
                            "properties": {
                                "fd:path": "/content/forms/af/expressscripts/headless-bidonline/jcr:content/guideContainer/tabsontop/panelcontainer/text"
                            },
                            ":type": "expressscripts/components/adaptiveForm/text"
                        },
                        "textinput": {
                            "id": "textinput-3cdb2ee9e4",
                            "fieldType": "text-input",
                            "name": "panel1_field1",
                            "visible": true,
                            "type": "string",
                            "enabled": true,
                            "readOnly": false,
                            "label": {
                                "value": "Field 1"
                            },
                            "events": {
                                "custom:setProperty": [
                                    "$event.payload"
                                ]
                            },
                            "properties": {
                                "fd:dor": {
                                    "dorExclusion": false
                                },
                                "fd:path": "/content/forms/af/expressscripts/headless-bidonline/jcr:content/guideContainer/tabsontop/panelcontainer/textinput"
                            },
                            "autocomplete": "off",
                            ":type": "expressscripts/components/adaptiveForm/textinput"
                        },
                        "textinput_1942000332": {
                            "id": "textinput-c229d466bc",
                            "fieldType": "text-input",
                            "name": "panel1_field2",
                            "visible": true,
                            "type": "string",
                            "enabled": true,
                            "readOnly": false,
                            "label": {
                                "value": "Field 2"
                            },
                            "events": {
                                "custom:setProperty": [
                                    "$event.payload"
                                ]
                            },
                            "properties": {
                                "fd:dor": {
                                    "dorExclusion": false
                                },
                                "fd:path": "/content/forms/af/expressscripts/headless-bidonline/jcr:content/guideContainer/tabsontop/panelcontainer/textinput_1942000332"
                            },
                            "autocomplete": "off",
                            ":type": "expressscripts/components/adaptiveForm/textinput"
                        },
                        "checkboxgroup": {
                            "id": "checkboxgroup-a9a96aec3b",
                            "fieldType": "checkbox-group",
                            "name": "checkboxgroup_tab1",
                            "visible": true,
                            "type": "number[]",
                            "enabled": true,
                            "readOnly": false,
                            "enforceEnum": true,
                            "enumNames": [
                                "Email",
                                "Phone"
                            ],
                            "label": {
                                "visible": true,
                                "value": "Field 3"
                            },
                            "events": {
                                "custom:setProperty": [
                                    "$event.payload"
                                ]
                            },
                            "properties": {
                                "afs:layout": {
                                    "orientation": "horizontal"
                                },
                                "fd:dor": {
                                    "dorExclusion": false
                                },
                                "fd:path": "/content/forms/af/expressscripts/headless-bidonline/jcr:content/guideContainer/tabsontop/panelcontainer/checkboxgroup"
                            },
                            "enum": [
                                0,
                                1
                            ],
                            ":type": "expressscripts/components/adaptiveForm/checkboxgroup"
                        },
                        "dropdown": {
                            "id": "dropdown-0de0e6430d",
                            "fieldType": "drop-down",
                            "name": "status_tab1",
                            "visible": true,
                            "type": "string",
                            "enabled": true,
                            "readOnly": false,
                            "enforceEnum": true,
                            "enumNames": [
                                "Yes",
                                "No"
                            ],
                            "label": {
                                "visible": true,
                                "value": "Field 4"
                            },
                            "events": {
                                "custom:setProperty": [
                                    "$event.payload"
                                ]
                            },
                            "properties": {
                                "fd:dor": {
                                    "dorExclusion": false
                                },
                                "fd:path": "/content/forms/af/expressscripts/headless-bidonline/jcr:content/guideContainer/tabsontop/panelcontainer/dropdown"
                            },
                            "enum": [
                                "yes",
                                "no"
                            ],
                            ":type": "expressscripts/components/adaptiveForm/dropdown"
                        },
                        "dropdown_12713460": {
                            "id": "dropdown-2bfd96d9a1",
                            "fieldType": "drop-down",
                            "name": "tags_tab1",
                            "visible": true,
                            "type": "string[]",
                            "enabled": true,
                            "readOnly": false,
                            "enforceEnum": true,
                            "enumNames": [
                                "Tag1",
                                "Tag2",
                                "Tag3",
                                "Tag4",
                                "Tag5"
                            ],
                            "label": {
                                "visible": true,
                                "value": "Field 5"
                            },
                            "events": {
                                "custom:setProperty": [
                                    "$event.payload"
                                ]
                            },
                            "properties": {
                                "fd:dor": {
                                    "dorExclusion": false
                                },
                                "fd:path": "/content/forms/af/expressscripts/headless-bidonline/jcr:content/guideContainer/tabsontop/panelcontainer/dropdown_12713460"
                            },
                            "enum": [
                                "tag1",
                                "tag2",
                                "tag3",
                                "tag4",
                                "tag5"
                            ],
                            ":type": "expressscripts/components/adaptiveForm/dropdown"
                        }
                    }
                },
                "panelcontainer_156306683": {
                    "id": "panelcontainer-ff322d566e",
                    "fieldType": "panel",
                    "name": "panelcontainer_1563066831708035972790",
                    "visible": true,
                    "enabled": true,
                    "readOnly": false,
                    "columnClassNames": {
                        "textinput_865970282": "aem-GridColumn aem-GridColumn--default--12",
                        "accordion": "aem-GridColumn aem-GridColumn--default--12",
                        "textinput_1624134189": "aem-GridColumn aem-GridColumn--default--12",
                        "text": "aem-GridColumn aem-GridColumn--default--12",
                        "textinput_2090829310": "aem-GridColumn aem-GridColumn--default--12",
                        "textinput": "aem-GridColumn aem-GridColumn--default--12"
                    },
                    "columnCount": 12,
                    "gridClassNames": "aem-Grid aem-Grid--12 aem-Grid--default--12",
                    "label": {
                        "visible": false,
                        "value": "Two"
                    },
                    "events": {
                        "custom:setProperty": [
                            "$event.payload"
                        ]
                    },
                    "properties": {
                        "fd:dor": {
                            "dorExclusion": false,
                            "dorExcludeTitle": false,
                            "dorExcludeDescription": false
                        },
                        "fd:path": "/content/forms/af/expressscripts/headless-bidonline/jcr:content/guideContainer/tabsontop/panelcontainer_156306683"
                    },
                    ":itemsOrder": [
                        "text",
                        "textinput",
                        "textinput_2090829310",
                        "textinput_1624134189",
                        "textinput_865970282",
                        "accordion"
                    ],
                    ":type": "expressscripts/components/adaptiveForm/panelcontainer",
                    ":items": {
                        "text": {
                            "id": "text-2823232b88",
                            "fieldType": "plain-text",
                            "name": "text1708036327559",
                            "value": "<p>Panel Two</p>\r\n",
                            "richText": true,
                            "events": {
                                "custom:setProperty": [
                                    "$event.payload"
                                ]
                            },
                            "properties": {
                                "fd:path": "/content/forms/af/expressscripts/headless-bidonline/jcr:content/guideContainer/tabsontop/panelcontainer_156306683/text"
                            },
                            ":type": "expressscripts/components/adaptiveForm/text"
                        },
                        "textinput": {
                            "id": "textinput-a734f04822",
                            "fieldType": "text-input",
                            "name": "panel2_field1",
                            "visible": true,
                            "type": "string",
                            "enabled": true,
                            "readOnly": false,
                            "label": {
                                "value": "Field 1"
                            },
                            "events": {
                                "custom:setProperty": [
                                    "$event.payload"
                                ]
                            },
                            "properties": {
                                "fd:dor": {
                                    "dorExclusion": false
                                },
                                "fd:path": "/content/forms/af/expressscripts/headless-bidonline/jcr:content/guideContainer/tabsontop/panelcontainer_156306683/textinput"
                            },
                            "autocomplete": "off",
                            ":type": "expressscripts/components/adaptiveForm/textinput"
                        },
                        "textinput_2090829310": {
                            "id": "textinput-caf9813533",
                            "fieldType": "text-input",
                            "name": "panel2_field2",
                            "visible": true,
                            "type": "string",
                            "enabled": true,
                            "readOnly": false,
                            "label": {
                                "value": "Field 2"
                            },
                            "events": {
                                "custom:setProperty": [
                                    "$event.payload"
                                ]
                            },
                            "properties": {
                                "fd:dor": {
                                    "dorExclusion": false
                                },
                                "fd:path": "/content/forms/af/expressscripts/headless-bidonline/jcr:content/guideContainer/tabsontop/panelcontainer_156306683/textinput_2090829310"
                            },
                            "autocomplete": "off",
                            ":type": "expressscripts/components/adaptiveForm/textinput"
                        },
                        "textinput_1624134189": {
                            "id": "textinput-e3140821ec",
                            "fieldType": "text-input",
                            "name": "email_tab2",
                            "visible": true,
                            "type": "string",
                            "required": true,
                            "enabled": true,
                            "constraintMessages": {
                                "pattern": "Invalid email address"
                            },
                            "readOnly": false,
                            "pattern": "^[a-zA-Z0-9+_.-]+@[a-zA-Z0-9.-]+$",
                            "label": {
                                "visible": true,
                                "value": "Email"
                            },
                            "rules": {
                                "visible": "contains($form.tabsontop1708035817184.panelcontainer1708035850130.checkboxgroup_tab1, 0)"
                            },
                            "events": {
                                "custom:setProperty": [
                                    "$event.payload"
                                ]
                            },
                            "properties": {
                                "fd:dor": {
                                    "dorExclusion": false
                                },
                                "fd:path": "/content/forms/af/expressscripts/headless-bidonline/jcr:content/guideContainer/tabsontop/panelcontainer_156306683/textinput_1624134189",
                                "fd:rules": {
                                    "validationStatus": "valid"
                                }
                            },
                            ":type": "expressscripts/components/adaptiveForm/textinput"
                        },
                        "textinput_865970282": {
                            "id": "textinput-53a566fb12",
                            "fieldType": "text-input",
                            "name": "phone_tab2",
                            "visible": false,
                            "type": "string",
                            "enabled": true,
                            "readOnly": false,
                            "label": {
                                "visible": true,
                                "value": "Phone"
                            },
                            "rules": {
                                "visible": "contains($form.tabsontop1708035817184.panelcontainer1708035850130.checkboxgroup_tab1, 1)"
                            },
                            "events": {
                                "custom:setProperty": [
                                    "$event.payload"
                                ]
                            },
                            "properties": {
                                "fd:dor": {
                                    "dorExclusion": false
                                },
                                "fd:path": "/content/forms/af/expressscripts/headless-bidonline/jcr:content/guideContainer/tabsontop/panelcontainer_156306683/textinput_865970282",
                                "fd:rules": {
                                    "validationStatus": "valid"
                                }
                            },
                            ":type": "expressscripts/components/adaptiveForm/textinput"
                        },
                        "accordion": {
                            "id": "accordion-f33970baef",
                            "fieldType": "panel",
                            "name": "accordion_tab1",
                            "visible": true,
                            "enabled": true,
                            "repeatable": true,
                            "readOnly": false,
                            "label": {
                                "visible": true,
                                "value": "Accordion"
                            },
                            "events": {
                                "custom:setProperty": [
                                    "$event.payload"
                                ]
                            },
                            "properties": {
                                "fd:dor": {
                                    "dorExclusion": false,
                                    "dorExcludeTitle": false,
                                    "dorExcludeDescription": false
                                },
                                "fd:path": "/content/forms/af/expressscripts/headless-bidonline/jcr:content/guideContainer/tabsontop/panelcontainer_156306683/accordion"
                            },
                            ":itemsOrder": [
                                "item_1709661410520",
                                "item_1709661421583",
                                "item_1709661435645"
                            ],
                            ":type": "expressscripts/components/adaptiveForm/accordion",
                            ":items": {
                                "item_1709661410520": {
                                    "id": "panelcontainer-bd683add63",
                                    "fieldType": "panel",
                                    "name": "accordion_tab1_item1",
                                    "visible": true,
                                    "enabled": true,
                                    "repeatable": false,
                                    "readOnly": false,
                                    "columnClassNames": {
                                        "text": "aem-GridColumn aem-GridColumn--default--12"
                                    },
                                    "columnCount": 12,
                                    "gridClassNames": "aem-Grid aem-Grid--12 aem-Grid--default--12",
                                    "label": {
                                        "visible": false,
                                        "value": "Item 1"
                                    },
                                    "events": {
                                        "custom:setProperty": [
                                            "$event.payload"
                                        ]
                                    },
                                    "properties": {
                                        "fd:dor": {
                                            "dorExclusion": false,
                                            "dorExcludeTitle": false,
                                            "dorExcludeDescription": false
                                        },
                                        "fd:path": "/content/forms/af/expressscripts/headless-bidonline/jcr:content/guideContainer/tabsontop/panelcontainer_156306683/accordion/item_1709661410520"
                                    },
                                    ":itemsOrder": [
                                        "text"
                                    ],
                                    ":type": "expressscripts/components/adaptiveForm/panelcontainer",
                                    ":items": {
                                        "text": {
                                            "id": "text-f2c76240e5",
                                            "fieldType": "plain-text",
                                            "name": "text1709664377037",
                                            "value": "<p>Item 1 Content</p>\r\n",
                                            "richText": true,
                                            "events": {
                                                "custom:setProperty": [
                                                    "$event.payload"
                                                ]
                                            },
                                            "properties": {
                                                "fd:path": "/content/forms/af/expressscripts/headless-bidonline/jcr:content/guideContainer/tabsontop/panelcontainer_156306683/accordion/item_1709661410520/text"
                                            },
                                            ":type": "expressscripts/components/adaptiveForm/text"
                                        }
                                    }
                                },
                                "item_1709661421583": {
                                    "id": "panelcontainer-2913a9fd8f",
                                    "fieldType": "panel",
                                    "name": "accordion_tab1_item2",
                                    "visible": true,
                                    "enabled": true,
                                    "repeatable": false,
                                    "readOnly": false,
                                    "columnClassNames": {
                                        "text": "aem-GridColumn aem-GridColumn--default--12"
                                    },
                                    "columnCount": 12,
                                    "gridClassNames": "aem-Grid aem-Grid--12 aem-Grid--default--12",
                                    "label": {
                                        "visible": false,
                                        "value": "Item 2"
                                    },
                                    "events": {
                                        "custom:setProperty": [
                                            "$event.payload"
                                        ]
                                    },
                                    "properties": {
                                        "fd:dor": {
                                            "dorExclusion": false,
                                            "dorExcludeTitle": false,
                                            "dorExcludeDescription": false
                                        },
                                        "fd:path": "/content/forms/af/expressscripts/headless-bidonline/jcr:content/guideContainer/tabsontop/panelcontainer_156306683/accordion/item_1709661421583"
                                    },
                                    ":itemsOrder": [
                                        "text"
                                    ],
                                    ":type": "expressscripts/components/adaptiveForm/panelcontainer",
                                    ":items": {
                                        "text": {
                                            "id": "text-df9dbc0903",
                                            "fieldType": "plain-text",
                                            "name": "text1709664403648",
                                            "value": "<p>Item 2 Content</p>\r\n",
                                            "richText": true,
                                            "events": {
                                                "custom:setProperty": [
                                                    "$event.payload"
                                                ]
                                            },
                                            "properties": {
                                                "fd:path": "/content/forms/af/expressscripts/headless-bidonline/jcr:content/guideContainer/tabsontop/panelcontainer_156306683/accordion/item_1709661421583/text"
                                            },
                                            ":type": "expressscripts/components/adaptiveForm/text"
                                        }
                                    }
                                },
                                "item_1709661435645": {
                                    "id": "panelcontainer-eb045e99c8",
                                    "fieldType": "panel",
                                    "name": "accordion_tab1_item3",
                                    "visible": true,
                                    "enabled": true,
                                    "repeatable": false,
                                    "readOnly": false,
                                    "columnClassNames": {
                                        "text": "aem-GridColumn aem-GridColumn--default--12"
                                    },
                                    "columnCount": 12,
                                    "gridClassNames": "aem-Grid aem-Grid--12 aem-Grid--default--12",
                                    "label": {
                                        "visible": false,
                                        "value": "Item 3"
                                    },
                                    "events": {
                                        "custom:setProperty": [
                                            "$event.payload"
                                        ]
                                    },
                                    "properties": {
                                        "fd:dor": {
                                            "dorExclusion": false,
                                            "dorExcludeTitle": false,
                                            "dorExcludeDescription": false
                                        },
                                        "fd:path": "/content/forms/af/expressscripts/headless-bidonline/jcr:content/guideContainer/tabsontop/panelcontainer_156306683/accordion/item_1709661435645"
                                    },
                                    ":itemsOrder": [
                                        "text"
                                    ],
                                    ":type": "expressscripts/components/adaptiveForm/panelcontainer",
                                    ":items": {
                                        "text": {
                                            "id": "text-142b65f881",
                                            "fieldType": "plain-text",
                                            "name": "text1709664418213",
                                            "value": "<p>Item 3 Content</p>\r\n",
                                            "richText": true,
                                            "events": {
                                                "custom:setProperty": [
                                                    "$event.payload"
                                                ]
                                            },
                                            "properties": {
                                                "fd:path": "/content/forms/af/expressscripts/headless-bidonline/jcr:content/guideContainer/tabsontop/panelcontainer_156306683/accordion/item_1709661435645/text"
                                            },
                                            ":type": "expressscripts/components/adaptiveForm/text"
                                        }
                                    }
                                }
                            }
                        }
                    }
                }
            }
        },
        "panelcontainer": {
            "id": "panelcontainer-b691e386db",
            "fieldType": "panel",
            "name": "panelcontainer1706167526620",
            "visible": true,
            "enabled": true,
            "readOnly": false,
            "columnClassNames": {
                "button": "aem-GridColumn aem-GridColumn--default--1 aem-GridColumn--offset--default--5 aem-GridColumn--default--none",
                "button_1349479153": "aem-GridColumn aem-GridColumn--default--1 aem-GridColumn--offset--default--0 aem-GridColumn--default--none",
                "button_57919442": "aem-GridColumn aem-GridColumn--default--2 aem-GridColumn--offset--default--0 aem-GridColumn--default--none"
            },
            "columnCount": 12,
            "gridClassNames": "aem-Grid aem-Grid--12 aem-Grid--default--12",
            "label": {
                "visible": false,
                "value": "Panel"
            },
            "events": {
                "custom:setProperty": [
                    "$event.payload"
                ]
            },
            "properties": {
                "fd:dor": {
                    "dorExclusion": false,
                    "dorExcludeTitle": false,
                    "dorExcludeDescription": false
                },
                "fd:path": "/content/forms/af/expressscripts/headless-bidonline/jcr:content/guideContainer/panelcontainer"
            },
            ":itemsOrder": [
                "button",
                "button_57919442",
                "button_1349479153"
            ],
            ":type": "expressscripts/components/adaptiveForm/panelcontainer",
            ":items": {
                "button": {
                    "id": "button-2febbfa34f",
                    "fieldType": "button",
                    "name": "clearButton",
                    "visible": true,
                    "type": "string",
                    "enabled": true,
                    "buttonType": "button",
                    "properties": {
                        "fd:dor": {
                            "dorExclusion": false
                        },
                        "fd:path": "/content/forms/af/expressscripts/headless-bidonline/jcr:content/guideContainer/panelcontainer/button",
                        "fd:rules": {
                            "validationStatus": "valid"
                        },
                        "fd:buttonType": "button"
                    },
                    "label": {
                        "value": "Clear"
                    },
                    "events": {
                        "custom:setProperty": [
                            "$event.payload"
                        ],
                        "click": [
                            "dispatchEvent($form.tabsontop1708035817184.panelcontainer1708035850130.panel1_field1, 'custom:setProperty', {value : `null`})",
                            "dispatchEvent($form.tabsontop1708035817184.panelcontainer1708035850130.panel1_field2, 'custom:setProperty', {value : `null`})",
                            "dispatchEvent($form.tabsontop1708035817184.panelcontainer_1563066831708035972790.panel2_field1, 'custom:setProperty', {value : `null`})",
                            "dispatchEvent($form.tabsontop1708035817184.panelcontainer_1563066831708035972790.panel2_field2, 'custom:setProperty', {value : `null`})"
                        ]
                    },
                    ":type": "expressscripts/components/adaptiveForm/button"
                },
                "button_57919442": {
                    "id": "button-f5b1234b72",
                    "fieldType": "button",
                    "name": "saveForLaterButton",
                    "visible": true,
                    "type": "string",
                    "enabled": true,
                    "buttonType": "button",
                    "properties": {
                        "fd:dor": {
                            "dorExclusion": false
                        },
                        "fd:path": "/content/forms/af/expressscripts/headless-bidonline/jcr:content/guideContainer/panelcontainer/button_57919442",
                        "fd:buttonType": "button"
                    },
                    "label": {
                        "value": "Save For Later"
                    },
                    "events": {
                        "custom:setProperty": [
                            "$event.payload"
                        ]
                    },
                    ":type": "expressscripts/components/adaptiveForm/button"
                },
                "button_1349479153": {
                    "id": "button-0739d9b388",
                    "fieldType": "button",
                    "name": "submitButton",
                    "visible": true,
                    "type": "string",
                    "enabled": true,
                    "buttonType": "button",
                    "properties": {
                        "fd:dor": {
                            "dorExclusion": false
                        },
                        "fd:path": "/content/forms/af/expressscripts/headless-bidonline/jcr:content/guideContainer/panelcontainer/button_1349479153",
                        "fd:buttonType": "button"
                    },
                    "label": {
                        "value": "Submit"
                    },
                    "events": {
                        "custom:setProperty": [
                            "$event.payload"
                        ]
                    },
                    ":type": "expressscripts/components/adaptiveForm/button"
                }
            }
        }
    }
}